{
  "schema_version": 1,
  "source_files": [
    "original.json",
    "formal-id-v1.json",
    "comparison.json"
  ],
  "top_10": {
    "original": {
      "clip/raw": {
        "jaccard": 0.018782249742002065,
        "overlap_at_10": 0.03333333333333333,
        "id_judgment_coverage": 1.0,
        "en_ndcg_at_10": 0.23751472239942906,
        "id_ndcg_at_10": 0.11977101441307052
      },
      "mclip/raw": {
        "jaccard": 0.4740948307511775,
        "overlap_at_10": 0.5933333333333333,
        "id_judgment_coverage": 1.0,
        "en_ndcg_at_10": 0.22667959537776783,
        "id_ndcg_at_10": 0.15473969140889027
      },
      "bm25/raw": {
        "jaccard": 0.07096908939014203,
        "overlap_at_10": 0.11333333333333333,
        "id_judgment_coverage": 0.9933333333333334,
        "en_ndcg_at_10": 0.32843264395549515,
        "id_ndcg_at_10": 0.24163479798881587
      },
      "clip/calibrated": {
        "jaccard": 0.08294346978557504,
        "overlap_at_10": 0.13999999999999999,
        "id_judgment_coverage": 1.0,
        "en_ndcg_at_10": 0.2588257924377384,
        "id_ndcg_at_10": 0.051117649896874666
      },
      "mclip/calibrated": {
        "jaccard": 0.5048628930981872,
        "overlap_at_10": 0.64,
        "id_judgment_coverage": 1.0,
        "en_ndcg_at_10": 0.21800722928252522,
        "id_ndcg_at_10": 0.09193978691459231
      }
    },
    "formal-id-v1": {
      "clip/raw": {
        "jaccard": 0.0,
        "overlap_at_10": 0.0,
        "id_judgment_coverage": 0.5866666666666667,
        "en_ndcg_at_10": 0.23751472239942906,
        "id_ndcg_at_10": 0.0822380298297695
      },
      "mclip/raw": {
        "jaccard": 0.40889453397193337,
        "overlap_at_10": 0.5399999999999998,
        "id_judgment_coverage": 0.8133333333333334,
        "en_ndcg_at_10": 0.22667959537776783,
        "id_ndcg_at_10": 0.15627247405100336
      },
      "bm25/raw": {
        "jaccard": 0.010916179337231968,
        "overlap_at_10": 0.020000000000000004,
        "id_judgment_coverage": 0.5266666666666667,
        "en_ndcg_at_10": 0.32843264395549515,
        "id_ndcg_at_10": 0.10571242218094849
      },
      "clip/calibrated": {
        "jaccard": 0.07124756335282649,
        "overlap_at_10": 0.12000000000000002,
        "id_judgment_coverage": 0.7066666666666668,
        "en_ndcg_at_10": 0.2588257924377384,
        "id_ndcg_at_10": 0.053251404542188026
      },
      "mclip/calibrated": {
        "jaccard": 0.4888332513719511,
        "overlap_at_10": 0.6199999999999999,
        "id_judgment_coverage": 0.8533333333333334,
        "en_ndcg_at_10": 0.21800722928252522,
        "id_ndcg_at_10": 0.12254323949916505
      }
    }
  },
  "paired_jaccard_robustness_top_10": {
    "clip/raw": {
      "mean_difference_formal_minus_original": -0.018782249742002065,
      "ci_95": [
        -0.04582043343653251,
        0.0
      ],
      "cohen_dz": -0.39665498736659754,
      "per_query_differences": [
        0.0,
        0.0,
        0.0,
        -0.05263157894736842,
        0.0,
        -0.05263157894736842,
        0.0,
        0.0,
        0.0,
        0.0,
        0.0,
        0.0,
        0.0,
        -0.17647058823529413,
        0.0
      ]
    },
    "mclip/raw": {
      "mean_difference_formal_minus_original": -0.06520029677924416,
      "ci_95": [
        -0.16551254788096897,
        0.030118030118030117
      ],
      "cohen_dz": -0.32130310942070067,
      "per_query_differences": [
        -0.33333333333333337,
        0.10989010989010989,
        0.10989010989010989,
        -0.2797202797202798,
        0.0,
        -0.31746031746031744,
        0.10989010989010989,
        0.10989010989010989,
        0.0,
        0.0,
        0.0,
        -0.37593984962406013,
        0.0,
        0.2222222222222222,
        -0.33333333333333337
      ]
    },
    "bm25/raw": {
      "mean_difference_formal_minus_original": -0.06005291005291005,
      "ci_95": [
        -0.11368699526594263,
        -0.016666666666666666
      ],
      "cohen_dz": -0.6003853042753384,
      "per_query_differences": [
        0.0,
        0.0,
        0.0,
        -0.1111111111111111,
        0.0,
        0.0,
        -0.05263157894736842,
        -0.25,
        0.0,
        0.0,
        0.0,
        -0.1111111111111111,
        0.0,
        -0.31746031746031744,
        -0.05847953216374269
      ]
    },
    "clip/calibrated": {
      "mean_difference_formal_minus_original": -0.011695906432748537,
      "ci_95": [
        -0.023391812865497075,
        0.0
      ],
      "cohen_dz": -0.48304589153964794,
      "per_query_differences": [
        0.0,
        0.0,
        0.0,
        -0.05847953216374269,
        0.0,
        0.0,
        0.0,
        0.0,
        0.0,
        0.0,
        0.0,
        -0.05847953216374269,
        -0.05847953216374269,
        0.0,
        0.0
      ]
    },
    "mclip/calibrated": {
      "mean_difference_formal_minus_original": -0.016029641726236152,
      "ci_95": [
        -0.09427850543562617,
        0.062293807700154434
      ],
      "cohen_dz": -0.09947859935245025,
      "per_query_differences": [
        0.1515151515151516,
        0.3333333333333333,
        -0.1515151515151516,
        -0.3333333333333333,
        0.0,
        -0.17857142857142855,
        0.0,
        0.1282051282051282,
        0.0,
        -0.05847953216374269,
        0.0,
        -0.20512820512820512,
        0.07352941176470587,
        0.0,
        0.0
      ]
    }
  },
  "interpretation": {
    "formal_effectiveness_comparability": "limited_by_incomplete_judgment_pool",
    "human_validation": "future_work",
    "assessor": "single_llm_provisional"
  }
}
